Id,Experiment,Sex,Drug,Genotype,Trial,Outcome
101,1,M,Saline,WT,1,0.014
102,1,M,Saline,WT,1,0.053
103,1,M,Saline,WT,1,0.154
104,1,M,Saline,WT,1,0.065
105,1,M,Saline,WT,1,0.038
106,1,M,Saline,WT,1,0.237
107,1,M,Saline,WT,1,0.613
101,2,M,Saline,WT,1,0.076
102,2,M,Saline,WT,1,0.202
103,2,M,Saline,WT,1,0.49
104,2,M,Saline,WT,1,0.034
105,2,M,Saline,WT,1,0.072
106,2,M,Saline,WT,1,0.177
107,2,M,Saline,WT,1,0.265
101,3,M,Saline,WT,1,0.044
102,3,M,Saline,WT,1,0.166
103,3,M,Saline,WT,1,0.065
104,3,M,Saline,WT,1,0.039
105,3,M,Saline,WT,1,0.086
106,3,M,Saline,WT,1,0.061
107,3,M,Saline,WT,1,0.074
101,1,M,SKF,WT,1,0.107
102,1,M,SKF,WT,1,0.52
103,1,M,SKF,WT,1,0.425
104,1,M,SKF,WT,1,0.779
105,1,M,SKF,WT,1,0.093
106,1,M,SKF,WT,1,0.834
107,1,M,SKF,WT,1,0.043
101,2,M,SKF,WT,1,0.065
102,2,M,SKF,WT,1,0.054
103,2,M,SKF,WT,1,0.265
104,2,M,SKF,WT,1,0.053
105,2,M,SKF,WT,1,0.472
106,2,M,SKF,WT,1,0.117
107,2,M,SKF,WT,1,0.041
101,3,M,SKF,WT,1,0.23
102,3,M,SKF,WT,1,0.057
103,3,M,SKF,WT,1,0.017
104,3,M,SKF,WT,1,0.157
105,3,M,SKF,WT,1,0.338
106,3,M,SKF,WT,1,0.083
107,3,M,SKF,WT,1,0.015
108,1,M,Saline,KI,1,0.072
109,1,M,Saline,KI,1,0.474
110,1,M,Saline,KI,1,0.081
111,1,M,Saline,KI,1,0.808
112,1,M,Saline,KI,1,0.078
113,1,M,Saline,KI,1,0.085
114,1,M,Saline,KI,1,0.084
108,2,M,Saline,KI,1,0.09
109,2,M,Saline,KI,1,0.088
110,2,M,Saline,KI,1,0.054
111,2,M,Saline,KI,1,0.082
112,2,M,Saline,KI,1,0.654
113,2,M,Saline,KI,1,0.412
114,2,M,Saline,KI,1,0.206
108,3,M,Saline,KI,1,0.029
109,3,M,Saline,KI,1,0.074
110,3,M,Saline,KI,1,0.191
111,3,M,Saline,KI,1,0.161
112,3,M,Saline,KI,1,0.043
113,3,M,Saline,KI,1,0.085
114,3,M,Saline,KI,1,0.073
108,1,M,SKF,KI,1,0.002
109,1,M,SKF,KI,1,0.907
110,1,M,SKF,KI,1,0.653
111,1,M,SKF,KI,1,0.049
112,1,M,SKF,KI,1,0.436
113,1,M,SKF,KI,1,0.832
114,1,M,SKF,KI,1,0.554
108,2,M,SKF,KI,1,0.083
109,2,M,SKF,KI,1,0.14
110,2,M,SKF,KI,1,0.274
111,2,M,SKF,KI,1,0.028
112,2,M,SKF,KI,1,0.042
113,2,M,SKF,KI,1,0.15
114,2,M,SKF,KI,1,0.127
108,3,M,SKF,KI,1,0.256
109,3,M,SKF,KI,1,0.097
110,3,M,SKF,KI,1,0.057
111,3,M,SKF,KI,1,0.063
112,3,M,SKF,KI,1,0.157
113,3,M,SKF,KI,1,0.376
114,3,M,SKF,KI,1,0.022
115,1,F,Saline,WT,1,0.137
116,1,F,Saline,WT,1,0.044
117,1,F,Saline,WT,1,0.132
118,1,F,Saline,WT,1,0.08
119,1,F,Saline,WT,1,0.303
120,1,F,Saline,WT,1,0.048
121,1,F,Saline,WT,1,0.806
122,1,F,Saline,WT,1,0.12
123,1,F,Saline,WT,1,0.027
124,1,F,Saline,WT,1,0.121
125,1,F,Saline,WT,1,0.069
126,1,F,Saline,WT,1,0.621
115,2,F,Saline,WT,1,0.428
116,2,F,Saline,WT,1,0.047
117,2,F,Saline,WT,1,0.062
118,2,F,Saline,WT,1,0.114
119,2,F,Saline,WT,1,0.305
120,2,F,Saline,WT,1,0.644
121,2,F,Saline,WT,1,0.134
122,2,F,Saline,WT,1,0.099
123,2,F,Saline,WT,1,0.219
124,2,F,Saline,WT,1,0.084
125,2,F,Saline,WT,1,0.103
126,2,F,Saline,WT,1,0.073
115,3,F,Saline,WT,1,0.011
116,3,F,Saline,WT,1,0.939
117,3,F,Saline,WT,1,0.164
118,3,F,Saline,WT,1,0.045
119,3,F,Saline,WT,1,0.024
120,3,F,Saline,WT,1,0.04
121,3,F,Saline,WT,1,0.161
122,3,F,Saline,WT,1,0.954
123,3,F,Saline,WT,1,0.078
124,3,F,Saline,WT,1,0.041
125,3,F,Saline,WT,1,0.412
126,3,F,Saline,WT,1,0.071
115,1,F,SKF,WT,1,0.06
116,1,F,SKF,WT,1,0.032
117,1,F,SKF,WT,1,0.249
118,1,F,SKF,WT,1,0.088
119,1,F,SKF,WT,1,0.091
120,1,F,SKF,WT,1,0.255
121,1,F,SKF,WT,1,0.043
122,1,F,SKF,WT,1,0.188
123,1,F,SKF,WT,1,0.09
124,1,F,SKF,WT,1,0.042
125,1,F,SKF,WT,1,0.053
126,1,F,SKF,WT,1,0.571
115,2,F,SKF,WT,1,0.057
116,2,F,SKF,WT,1,0.102
117,2,F,SKF,WT,1,0.154
118,2,F,SKF,WT,1,0.177
119,2,F,SKF,WT,1,0.084
120,2,F,SKF,WT,1,0.959
121,2,F,SKF,WT,1,0.063
122,2,F,SKF,WT,1,0.738
123,2,F,SKF,WT,1,0.043
124,2,F,SKF,WT,1,0.065
125,2,F,SKF,WT,1,0.059
126,2,F,SKF,WT,1,0.092
115,3,F,SKF,WT,1,0.199
116,3,F,SKF,WT,1,0.269
117,3,F,SKF,WT,1,0.439
118,3,F,SKF,WT,1,0.184
119,3,F,SKF,WT,1,0.126
120,3,F,SKF,WT,1,0.126
121,3,F,SKF,WT,1,0.037
122,3,F,SKF,WT,1,0.081
123,3,F,SKF,WT,1,0.093
124,3,F,SKF,WT,1,0.121
125,3,F,SKF,WT,1,0.374
126,3,F,SKF,WT,1,0.176
127,1,F,Saline,KI,1,0.198
128,1,F,Saline,KI,1,0.207
129,1,F,Saline,KI,1,0.135
130,1,F,Saline,KI,1,0.114
131,1,F,Saline,KI,1,0.126
132,1,F,Saline,KI,1,0.089
133,1,F,Saline,KI,1,0.532
134,1,F,Saline,KI,1,0.502
135,1,F,Saline,KI,1,0.827
136,1,F,Saline,KI,1,0.068
137,1,F,Saline,KI,1,0.058
127,2,F,Saline,KI,1,0.403
128,2,F,Saline,KI,1,0.446
129,2,F,Saline,KI,1,0.29
130,2,F,Saline,KI,1,0.022
131,2,F,Saline,KI,1,0.047
132,2,F,Saline,KI,1,0.178
133,2,F,Saline,KI,1,0.082
134,2,F,Saline,KI,1,0.15
135,2,F,Saline,KI,1,0.059
136,2,F,Saline,KI,1,0.689
137,2,F,Saline,KI,1,0.097
127,3,F,Saline,KI,1,0.155
128,3,F,Saline,KI,1,0.047
129,3,F,Saline,KI,1,0.128
130,3,F,Saline,KI,1,0.067
131,3,F,Saline,KI,1,0.091
132,3,F,Saline,KI,1,0.026
133,3,F,Saline,KI,1,0.213
134,3,F,Saline,KI,1,0.068
135,3,F,Saline,KI,1,0.188
136,3,F,Saline,KI,1,0.049
137,3,F,Saline,KI,1,0.04
127,1,F,SKF,KI,1,0.18
128,1,F,SKF,KI,1,0.997
129,1,F,SKF,KI,1,0.238
130,1,F,SKF,KI,1,0.857
131,1,F,SKF,KI,1,0.132
132,1,F,SKF,KI,1,0.081
133,1,F,SKF,KI,1,0.124
134,1,F,SKF,KI,1,0.763
135,1,F,SKF,KI,1,0.949
136,1,F,SKF,KI,1,0.031
137,1,F,SKF,KI,1,0.081
127,2,F,SKF,KI,1,0.088
128,2,F,SKF,KI,1,0.186
129,2,F,SKF,KI,1,0.14
130,2,F,SKF,KI,1,0.094
131,2,F,SKF,KI,1,0.078
132,2,F,SKF,KI,1,0.109
133,2,F,SKF,KI,1,0.857
134,2,F,SKF,KI,1,0.922
135,2,F,SKF,KI,1,0.848
136,2,F,SKF,KI,1,0.152
137,2,F,SKF,KI,1,0.175
127,3,F,SKF,KI,1,0.095
128,3,F,SKF,KI,1,0.077
129,3,F,SKF,KI,1,0.142
130,3,F,SKF,KI,1,0.07
131,3,F,SKF,KI,1,0.104
132,3,F,SKF,KI,1,0.147
133,3,F,SKF,KI,1,0.083
134,3,F,SKF,KI,1,0.073
135,3,F,SKF,KI,1,0.109
136,3,F,SKF,KI,1,0.014
137,3,F,SKF,KI,1,0.063
101,1,M,Saline,WT,2,0.039
102,1,M,Saline,WT,2,0.072
103,1,M,Saline,WT,2,0.062
104,1,M,Saline,WT,2,0.063
105,1,M,Saline,WT,2,0.048
106,1,M,Saline,WT,2,0.971
107,1,M,Saline,WT,2,0.038
101,2,M,Saline,WT,2,0.155
102,2,M,Saline,WT,2,0.417
103,2,M,Saline,WT,2,0.588
104,2,M,Saline,WT,2,0.11
105,2,M,Saline,WT,2,0.442
106,2,M,Saline,WT,2,0.944
107,2,M,Saline,WT,2,0.963
101,3,M,Saline,WT,2,0.628
102,3,M,Saline,WT,2,0.049
103,3,M,Saline,WT,2,0.095
104,3,M,Saline,WT,2,0.06
105,3,M,Saline,WT,2,0.075
106,3,M,Saline,WT,2,0.092
107,3,M,Saline,WT,2,0.213
101,1,M,SKF,WT,2,0.411
102,1,M,SKF,WT,2,0.96
103,1,M,SKF,WT,2,0.146
104,1,M,SKF,WT,2,0.941
105,1,M,SKF,WT,2,0.067
106,1,M,SKF,WT,2,0.074
107,1,M,SKF,WT,2,0.141
101,2,M,SKF,WT,2,0.094
102,2,M,SKF,WT,2,0.177
103,2,M,SKF,WT,2,0.141
104,2,M,SKF,WT,2,0.383
105,2,M,SKF,WT,2,0.096
106,2,M,SKF,WT,2,0.373
107,2,M,SKF,WT,2,0.602
101,3,M,SKF,WT,2,0.092
102,3,M,SKF,WT,2,0.186
103,3,M,SKF,WT,2,0.044
104,3,M,SKF,WT,2,0.057
105,3,M,SKF,WT,2,0.172
106,3,M,SKF,WT,2,0.538
107,3,M,SKF,WT,2,0.105
108,1,M,Saline,KI,2,0.393
109,1,M,Saline,KI,2,0.183
110,1,M,Saline,KI,2,0.903
111,1,M,Saline,KI,2,0.093
112,1,M,Saline,KI,2,0.237
113,1,M,Saline,KI,2,0.52
114,1,M,Saline,KI,2,0.116
108,2,M,Saline,KI,2,0.003
109,2,M,Saline,KI,2,0.238
110,2,M,Saline,KI,2,0.065
111,2,M,Saline,KI,2,0.133
112,2,M,Saline,KI,2,0.798
113,2,M,Saline,KI,2,0.093
114,2,M,Saline,KI,2,0.126
108,3,M,Saline,KI,2,0.055
109,3,M,Saline,KI,2,0.874
110,3,M,Saline,KI,2,0.099
111,3,M,Saline,KI,2,0.472
112,3,M,Saline,KI,2,0.02
113,3,M,Saline,KI,2,0.638
114,3,M,Saline,KI,2,0.074
108,1,M,SKF,KI,2,0.02
109,1,M,SKF,KI,2,0.442
110,1,M,SKF,KI,2,0.044
111,1,M,SKF,KI,2,0.046
112,1,M,SKF,KI,2,0.046
113,1,M,SKF,KI,2,0.042
114,1,M,SKF,KI,2,0.062
108,2,M,SKF,KI,2,0.104
109,2,M,SKF,KI,2,0.213
110,2,M,SKF,KI,2,0.32
111,2,M,SKF,KI,2,0.72
112,2,M,SKF,KI,2,0.326
113,2,M,SKF,KI,2,0.105
114,2,M,SKF,KI,2,0.269
108,3,M,SKF,KI,2,0.129
109,3,M,SKF,KI,2,0.169
110,3,M,SKF,KI,2,0.388
111,3,M,SKF,KI,2,0.037
112,3,M,SKF,KI,2,0.162
113,3,M,SKF,KI,2,0.272
114,3,M,SKF,KI,2,0.473
115,1,F,Saline,WT,2,0.119
116,1,F,Saline,WT,2,0.584
117,1,F,Saline,WT,2,0.065
118,1,F,Saline,WT,2,0.136
119,1,F,Saline,WT,2,0.331
120,1,F,Saline,WT,2,0.055
121,1,F,Saline,WT,2,0.517
122,1,F,Saline,WT,2,0.586
123,1,F,Saline,WT,2,0.032
124,1,F,Saline,WT,2,0.985
125,1,F,Saline,WT,2,0.058
126,1,F,Saline,WT,2,0.114
115,2,F,Saline,WT,2,0.103
116,2,F,Saline,WT,2,0.716
117,2,F,Saline,WT,2,0.189
118,2,F,Saline,WT,2,0.719
119,2,F,Saline,WT,2,0.666
120,2,F,Saline,WT,2,0.852
121,2,F,Saline,WT,2,0.931
122,2,F,Saline,WT,2,0.124
123,2,F,Saline,WT,2,0.305
124,2,F,Saline,WT,2,0.392
125,2,F,Saline,WT,2,0.181
126,2,F,Saline,WT,2,0.486
115,3,F,Saline,WT,2,0.068
116,3,F,Saline,WT,2,0.218
117,3,F,Saline,WT,2,0.41
118,3,F,Saline,WT,2,0.198
119,3,F,Saline,WT,2,0.042
120,3,F,Saline,WT,2,0.053
121,3,F,Saline,WT,2,0.065
122,3,F,Saline,WT,2,0.976
123,3,F,Saline,WT,2,0.037
124,3,F,Saline,WT,2,0.067
125,3,F,Saline,WT,2,0.181
126,3,F,Saline,WT,2,0.062
115,1,F,SKF,WT,2,0.237
116,1,F,SKF,WT,2,0.752
117,1,F,SKF,WT,2,0.041
118,1,F,SKF,WT,2,0.987
119,1,F,SKF,WT,2,0.075
120,1,F,SKF,WT,2,0.123
121,1,F,SKF,WT,2,0.932
122,1,F,SKF,WT,2,0.986
123,1,F,SKF,WT,2,0.308
124,1,F,SKF,WT,2,0.054
125,1,F,SKF,WT,2,0.394
126,1,F,SKF,WT,2,0.766
115,2,F,SKF,WT,2,0.057
116,2,F,SKF,WT,2,0.126
117,2,F,SKF,WT,2,0.149
118,2,F,SKF,WT,2,0.117
119,2,F,SKF,WT,2,0.791
120,2,F,SKF,WT,2,0.08
121,2,F,SKF,WT,2,0.733
122,2,F,SKF,WT,2,0.222
123,2,F,SKF,WT,2,0.155
124,2,F,SKF,WT,2,0.061
125,2,F,SKF,WT,2,0.087
126,2,F,SKF,WT,2,0.044
115,3,F,SKF,WT,2,0.045
116,3,F,SKF,WT,2,0.167
117,3,F,SKF,WT,2,0.088
118,3,F,SKF,WT,2,0.617
119,3,F,SKF,WT,2,0.071
120,3,F,SKF,WT,2,0.086
121,3,F,SKF,WT,2,0.942
122,3,F,SKF,WT,2,0.967
123,3,F,SKF,WT,2,0.047
124,3,F,SKF,WT,2,0.418
125,3,F,SKF,WT,2,0.411
126,3,F,SKF,WT,2,0.384
127,1,F,Saline,KI,2,0.043
128,1,F,Saline,KI,2,0.106
129,1,F,Saline,KI,2,0.017
130,1,F,Saline,KI,2,0.351
131,1,F,Saline,KI,2,0.122
132,1,F,Saline,KI,2,0.659
133,1,F,Saline,KI,2,0.039
134,1,F,Saline,KI,2,0.164
135,1,F,Saline,KI,2,0.058
136,1,F,Saline,KI,2,0.079
137,1,F,Saline,KI,2,0.079
127,2,F,Saline,KI,2,0.098
128,2,F,Saline,KI,2,0.589
129,2,F,Saline,KI,2,0.025
130,2,F,Saline,KI,2,0.019
131,2,F,Saline,KI,2,0.098
132,2,F,Saline,KI,2,0.541
133,2,F,Saline,KI,2,0.965
134,2,F,Saline,KI,2,0.084
135,2,F,Saline,KI,2,0.132
136,2,F,Saline,KI,2,0.114
137,2,F,Saline,KI,2,0.398
127,3,F,Saline,KI,2,0.075
128,3,F,Saline,KI,2,0.096
129,3,F,Saline,KI,2,0.128
130,3,F,Saline,KI,2,0.075
131,3,F,Saline,KI,2,0.027
132,3,F,Saline,KI,2,0.412
133,3,F,Saline,KI,2,0.044
134,3,F,Saline,KI,2,0.129
135,3,F,Saline,KI,2,0.099
136,3,F,Saline,KI,2,0.048
137,3,F,Saline,KI,2,0.108
127,1,F,SKF,KI,2,0.087
128,1,F,SKF,KI,2,0.986
129,1,F,SKF,KI,2,0.283
130,1,F,SKF,KI,2,0.901
131,1,F,SKF,KI,2,0.942
132,1,F,SKF,KI,2,0.437
133,1,F,SKF,KI,2,0.188
134,1,F,SKF,KI,2,0.087
135,1,F,SKF,KI,2,0.991
136,1,F,SKF,KI,2,0.131
137,1,F,SKF,KI,2,0.043
127,2,F,SKF,KI,2,0.104
128,2,F,SKF,KI,2,0.075
129,2,F,SKF,KI,2,0.263
130,2,F,SKF,KI,2,0.307
131,2,F,SKF,KI,2,0.074
132,2,F,SKF,KI,2,0.116
133,2,F,SKF,KI,2,0.043
134,2,F,SKF,KI,2,0.14
135,2,F,SKF,KI,2,0.959
136,2,F,SKF,KI,2,0.136
137,2,F,SKF,KI,2,0.198
127,3,F,SKF,KI,2,0.081
128,3,F,SKF,KI,2,0.104
129,3,F,SKF,KI,2,0.368
130,3,F,SKF,KI,2,0.124
131,3,F,SKF,KI,2,0.124
132,3,F,SKF,KI,2,0.21
133,3,F,SKF,KI,2,0.109
134,3,F,SKF,KI,2,0.115
135,3,F,SKF,KI,2,0.096
136,3,F,SKF,KI,2,0.073
137,3,F,SKF,KI,2,0.086
101,1,M,Saline,WT,3,0.092
102,1,M,Saline,WT,3,0.041
103,1,M,Saline,WT,3,0.28
104,1,M,Saline,WT,3,0.054
105,1,M,Saline,WT,3,0.059
106,1,M,Saline,WT,3,0.057
107,1,M,Saline,WT,3,0.12
101,2,M,Saline,WT,3,0.217
102,2,M,Saline,WT,3,0.052
103,2,M,Saline,WT,3,0.648
104,2,M,Saline,WT,3,0.627
105,2,M,Saline,WT,3,0.076
106,2,M,Saline,WT,3,0.709
107,2,M,Saline,WT,3,0.105
101,3,M,Saline,WT,3,0.094
102,3,M,Saline,WT,3,0.059
103,3,M,Saline,WT,3,0.131
104,3,M,Saline,WT,3,0.575
105,3,M,Saline,WT,3,0.039
106,3,M,Saline,WT,3,0.095
107,3,M,Saline,WT,3,0.101
101,1,M,SKF,WT,3,0.205
102,1,M,SKF,WT,3,0.975
103,1,M,SKF,WT,3,0.085
104,1,M,SKF,WT,3,0.998
105,1,M,SKF,WT,3,0.088
106,1,M,SKF,WT,3,0.403
107,1,M,SKF,WT,3,0.122
101,2,M,SKF,WT,3,0.064
102,2,M,SKF,WT,3,0.982
103,2,M,SKF,WT,3,0.096
104,2,M,SKF,WT,3,0.228
105,2,M,SKF,WT,3,0.533
106,2,M,SKF,WT,3,0.24
107,2,M,SKF,WT,3,0.052
101,3,M,SKF,WT,3,0.967
102,3,M,SKF,WT,3,0.116
103,3,M,SKF,WT,3,0.724
104,3,M,SKF,WT,3,0.673
105,3,M,SKF,WT,3,0.143
106,3,M,SKF,WT,3,0.081
107,3,M,SKF,WT,3,0.118
108,1,M,Saline,KI,3,0.079
109,1,M,Saline,KI,3,0.605
110,1,M,Saline,KI,3,0.083
111,1,M,Saline,KI,3,0.057
112,1,M,Saline,KI,3,0.468
113,1,M,Saline,KI,3,0.213
114,1,M,Saline,KI,3,0.559
108,2,M,Saline,KI,3,0.055
109,2,M,Saline,KI,3,0.537
110,2,M,Saline,KI,3,0.094
111,2,M,Saline,KI,3,0.015
112,2,M,Saline,KI,3,0.094
113,2,M,Saline,KI,3,0.12
114,2,M,Saline,KI,3,0.651
108,3,M,Saline,KI,3,0.159
109,3,M,Saline,KI,3,0.993
110,3,M,Saline,KI,3,0.141
111,3,M,Saline,KI,3,0.08
112,3,M,Saline,KI,3,0.106
113,3,M,Saline,KI,3,0.06
114,3,M,Saline,KI,3,0.151
108,1,M,SKF,KI,3,0.028
109,1,M,SKF,KI,3,0.139
110,1,M,SKF,KI,3,0.059
111,1,M,SKF,KI,3,0.077
112,1,M,SKF,KI,3,0.275
113,1,M,SKF,KI,3,0.092
114,1,M,SKF,KI,3,0.264
108,2,M,SKF,KI,3,0.116
109,2,M,SKF,KI,3,0.961
110,2,M,SKF,KI,3,0.111
111,2,M,SKF,KI,3,0.168
112,2,M,SKF,KI,3,0.189
113,2,M,SKF,KI,3,0.282
114,2,M,SKF,KI,3,0.057
108,3,M,SKF,KI,3,0.141
109,3,M,SKF,KI,3,0.053
110,3,M,SKF,KI,3,0.037
111,3,M,SKF,KI,3,0.133
112,3,M,SKF,KI,3,0.284
113,3,M,SKF,KI,3,0.115
114,3,M,SKF,KI,3,0.167
115,1,F,Saline,WT,3,0.06
116,1,F,Saline,WT,3,0.899
117,1,F,Saline,WT,3,0.063
118,1,F,Saline,WT,3,0.885
119,1,F,Saline,WT,3,0.93
120,1,F,Saline,WT,3,0.075
121,1,F,Saline,WT,3,0.408
122,1,F,Saline,WT,3,0.062
123,1,F,Saline,WT,3,0.394
124,1,F,Saline,WT,3,0.368
125,1,F,Saline,WT,3,0.865
126,1,F,Saline,WT,3,0.098
115,2,F,Saline,WT,3,0.374
116,2,F,Saline,WT,3,0.939
117,2,F,Saline,WT,3,0.256
118,2,F,Saline,WT,3,0.308
119,2,F,Saline,WT,3,0.584
120,2,F,Saline,WT,3,0.131
121,2,F,Saline,WT,3,0.442
122,2,F,Saline,WT,3,0.275
123,2,F,Saline,WT,3,0.293
124,2,F,Saline,WT,3,0.664
125,2,F,Saline,WT,3,0.448
126,2,F,Saline,WT,3,0.046
115,3,F,Saline,WT,3,0.539
116,3,F,Saline,WT,3,0.081
117,3,F,Saline,WT,3,0.908
118,3,F,Saline,WT,3,0.12
119,3,F,Saline,WT,3,0.314
120,3,F,Saline,WT,3,0.309
121,3,F,Saline,WT,3,0.429
122,3,F,Saline,WT,3,0.033
123,3,F,Saline,WT,3,0.092
124,3,F,Saline,WT,3,0.045
125,3,F,Saline,WT,3,0.124
126,3,F,Saline,WT,3,0.144
115,1,F,SKF,WT,3,0.428
116,1,F,SKF,WT,3,0.072
117,1,F,SKF,WT,3,0.188
118,1,F,SKF,WT,3,0.967
119,1,F,SKF,WT,3,0.174
120,1,F,SKF,WT,3,0.371
121,1,F,SKF,WT,3,0.091
122,1,F,SKF,WT,3,0.404
123,1,F,SKF,WT,3,0.15
124,1,F,SKF,WT,3,0.606
125,1,F,SKF,WT,3,0.356
126,1,F,SKF,WT,3,0.927
115,2,F,SKF,WT,3,0.177
116,2,F,SKF,WT,3,0.1
117,2,F,SKF,WT,3,0.044
118,2,F,SKF,WT,3,0.032
119,2,F,SKF,WT,3,0.929
120,2,F,SKF,WT,3,0.126
121,2,F,SKF,WT,3,0.301
122,2,F,SKF,WT,3,0.404
123,2,F,SKF,WT,3,0.158
124,2,F,SKF,WT,3,0.983
125,2,F,SKF,WT,3,0.412
126,2,F,SKF,WT,3,0.904
115,3,F,SKF,WT,3,0.076
116,3,F,SKF,WT,3,0.131
117,3,F,SKF,WT,3,0.315
118,3,F,SKF,WT,3,0.274
119,3,F,SKF,WT,3,0.278
120,3,F,SKF,WT,3,0.969
121,3,F,SKF,WT,3,0.979
122,3,F,SKF,WT,3,0.091
123,3,F,SKF,WT,3,0.235
124,3,F,SKF,WT,3,0.137
125,3,F,SKF,WT,3,0.183
126,3,F,SKF,WT,3,0.063
127,1,F,Saline,KI,3,0.111
128,1,F,Saline,KI,3,0.195
129,1,F,Saline,KI,3,0.178
130,1,F,Saline,KI,3,0.356
131,1,F,Saline,KI,3,0.276
132,1,F,Saline,KI,3,0.055
133,1,F,Saline,KI,3,0.644
134,1,F,Saline,KI,3,0.241
135,1,F,Saline,KI,3,0.127
136,1,F,Saline,KI,3,0.668
137,1,F,Saline,KI,3,0.215
127,2,F,Saline,KI,3,0.381
128,2,F,Saline,KI,3,0.34
129,2,F,Saline,KI,3,0.416
130,2,F,Saline,KI,3,0.604
131,2,F,Saline,KI,3,0.9
132,2,F,Saline,KI,3,0.233
133,2,F,Saline,KI,3,0.306
134,2,F,Saline,KI,3,0.087
135,2,F,Saline,KI,3,0.989
136,2,F,Saline,KI,3,0.03
137,2,F,Saline,KI,3,0.307
127,3,F,Saline,KI,3,0.13
128,3,F,Saline,KI,3,0.157
129,3,F,Saline,KI,3,0.391
130,3,F,Saline,KI,3,0.255
131,3,F,Saline,KI,3,0.133
132,3,F,Saline,KI,3,0.285
133,3,F,Saline,KI,3,0.069
134,3,F,Saline,KI,3,0.034
135,3,F,Saline,KI,3,0.174
136,3,F,Saline,KI,3,0.994
137,3,F,Saline,KI,3,0.192
127,1,F,SKF,KI,3,0.103
128,1,F,SKF,KI,3,0.067
129,1,F,SKF,KI,3,0.296
130,1,F,SKF,KI,3,0.794
131,1,F,SKF,KI,3,0.171
132,1,F,SKF,KI,3,0.111
133,1,F,SKF,KI,3,0.159
134,1,F,SKF,KI,3,0.193
135,1,F,SKF,KI,3,0.977
136,1,F,SKF,KI,3,0.057
137,1,F,SKF,KI,3,0.05
127,2,F,SKF,KI,3,0.064
128,2,F,SKF,KI,3,0.238
129,2,F,SKF,KI,3,0.33
130,2,F,SKF,KI,3,0.812
131,2,F,SKF,KI,3,0.206
132,2,F,SKF,KI,3,0.131
133,2,F,SKF,KI,3,0.807
134,2,F,SKF,KI,3,0.074
135,2,F,SKF,KI,3,0.198
136,2,F,SKF,KI,3,0.086
137,2,F,SKF,KI,3,0.051
127,3,F,SKF,KI,3,0.234
128,3,F,SKF,KI,3,0.111
129,3,F,SKF,KI,3,0.14
130,3,F,SKF,KI,3,0.2
131,3,F,SKF,KI,3,0.107
132,3,F,SKF,KI,3,0.129
133,3,F,SKF,KI,3,0.127
134,3,F,SKF,KI,3,0.058
135,3,F,SKF,KI,3,0.122
136,3,F,SKF,KI,3,0.003
137,3,F,SKF,KI,3,0.038
101,1,M,Saline,WT,4,0.051
102,1,M,Saline,WT,4,0.072
103,1,M,Saline,WT,4,0.132
104,1,M,Saline,WT,4,0.436
105,1,M,Saline,WT,4,0.051
106,1,M,Saline,WT,4,0.412
107,1,M,Saline,WT,4,0.893
101,2,M,Saline,WT,4,0.58
102,2,M,Saline,WT,4,0.144
103,2,M,Saline,WT,4,0.441
104,2,M,Saline,WT,4,0.381
105,2,M,Saline,WT,4,0.093
106,2,M,Saline,WT,4,0.783
107,2,M,Saline,WT,4,0.143
101,3,M,Saline,WT,4,0.07
102,3,M,Saline,WT,4,0.064
103,3,M,Saline,WT,4,0.377
104,3,M,Saline,WT,4,0.64
105,3,M,Saline,WT,4,0.121
106,3,M,Saline,WT,4,0.739
107,3,M,Saline,WT,4,0.273
101,1,M,SKF,WT,4,0.514
102,1,M,SKF,WT,4,0.239
103,1,M,SKF,WT,4,0.666
104,1,M,SKF,WT,4,0.955
105,1,M,SKF,WT,4,0.106
106,1,M,SKF,WT,4,0.644
107,1,M,SKF,WT,4,0.998
101,2,M,SKF,WT,4,0.264
102,2,M,SKF,WT,4,0.997
103,2,M,SKF,WT,4,0.443
104,2,M,SKF,WT,4,0.953
105,2,M,SKF,WT,4,0.02
106,2,M,SKF,WT,4,0.072
107,2,M,SKF,WT,4,0.992
101,3,M,SKF,WT,4,0.648
102,3,M,SKF,WT,4,0.131
103,3,M,SKF,WT,4,0.076
104,3,M,SKF,WT,4,0.06
105,3,M,SKF,WT,4,0.289
106,3,M,SKF,WT,4,0.201
107,3,M,SKF,WT,4,0.404
108,1,M,Saline,KI,4,0.973
109,1,M,Saline,KI,4,0.051
110,1,M,Saline,KI,4,0.072
111,1,M,Saline,KI,4,0.973
112,1,M,Saline,KI,4,0.105
113,1,M,Saline,KI,4,0.314
114,1,M,Saline,KI,4,0.116
108,2,M,Saline,KI,4,0.117
109,2,M,Saline,KI,4,0.519
110,2,M,Saline,KI,4,0.131
111,2,M,Saline,KI,4,0.11
112,2,M,Saline,KI,4,0.97
113,2,M,Saline,KI,4,0.33
114,2,M,Saline,KI,4,0.305
108,3,M,Saline,KI,4,0.123
109,3,M,Saline,KI,4,0.979
110,3,M,Saline,KI,4,0.186
111,3,M,Saline,KI,4,0.12
112,3,M,Saline,KI,4,0.397
113,3,M,Saline,KI,4,0.134
114,3,M,Saline,KI,4,0.148
108,1,M,SKF,KI,4,0.119
109,1,M,SKF,KI,4,0.176
110,1,M,SKF,KI,4,0.028
111,1,M,SKF,KI,4,0.034
112,1,M,SKF,KI,4,0.549
113,1,M,SKF,KI,4,0.842
114,1,M,SKF,KI,4,0.301
108,2,M,SKF,KI,4,0.054
109,2,M,SKF,KI,4,0.981
110,2,M,SKF,KI,4,0.003
111,2,M,SKF,KI,4,0.451
112,2,M,SKF,KI,4,0.107
113,2,M,SKF,KI,4,0.038
114,2,M,SKF,KI,4,0.035
108,3,M,SKF,KI,4,0.171
109,3,M,SKF,KI,4,0.065
110,3,M,SKF,KI,4,0.139
111,3,M,SKF,KI,4,0.044
112,3,M,SKF,KI,4,0.24
113,3,M,SKF,KI,4,0.081
114,3,M,SKF,KI,4,0.49
115,1,F,Saline,WT,4,0.217
116,1,F,Saline,WT,4,0.055
117,1,F,Saline,WT,4,0.12
118,1,F,Saline,WT,4,0.316
119,1,F,Saline,WT,4,0.995
120,1,F,Saline,WT,4,0.148
121,1,F,Saline,WT,4,0.035
122,1,F,Saline,WT,4,0.116
123,1,F,Saline,WT,4,0.067
124,1,F,Saline,WT,4,0.124
125,1,F,Saline,WT,4,0.406
126,1,F,Saline,WT,4,0.947
115,2,F,Saline,WT,4,0.844
116,2,F,Saline,WT,4,0.192
117,2,F,Saline,WT,4,0.279
118,2,F,Saline,WT,4,0.939
119,2,F,Saline,WT,4,0.766
120,2,F,Saline,WT,4,0.219
121,2,F,Saline,WT,4,0.858
122,2,F,Saline,WT,4,0.207
123,2,F,Saline,WT,4,0.222
124,2,F,Saline,WT,4,0.988
125,2,F,Saline,WT,4,0.79
126,2,F,Saline,WT,4,0.266
115,3,F,Saline,WT,4,0.131
116,3,F,Saline,WT,4,0.05
117,3,F,Saline,WT,4,0.29
118,3,F,Saline,WT,4,0.004
119,3,F,Saline,WT,4,0.638
120,3,F,Saline,WT,4,0.465
121,3,F,Saline,WT,4,0.066
122,3,F,Saline,WT,4,0.941
123,3,F,Saline,WT,4,0.082
124,3,F,Saline,WT,4,0.111
125,3,F,Saline,WT,4,0.167
126,3,F,Saline,WT,4,0.093
115,1,F,SKF,WT,4,0.1
116,1,F,SKF,WT,4,0.968
117,1,F,SKF,WT,4,0.153
118,1,F,SKF,WT,4,0.007
119,1,F,SKF,WT,4,0.241
120,1,F,SKF,WT,4,0.136
121,1,F,SKF,WT,4,0.975
122,1,F,SKF,WT,4,0.99
123,1,F,SKF,WT,4,0.226
124,1,F,SKF,WT,4,0.659
125,1,F,SKF,WT,4,0.609
126,1,F,SKF,WT,4,0.93
115,2,F,SKF,WT,4,0.071
116,2,F,SKF,WT,4,0.077
117,2,F,SKF,WT,4,0.106
118,2,F,SKF,WT,4,0.995
119,2,F,SKF,WT,4,0.745
120,2,F,SKF,WT,4,0.586
121,2,F,SKF,WT,4,0.043
122,2,F,SKF,WT,4,0.19
123,2,F,SKF,WT,4,0.632
124,2,F,SKF,WT,4,0.973
125,2,F,SKF,WT,4,0.706
126,2,F,SKF,WT,4,0.06
115,3,F,SKF,WT,4,0.069
116,3,F,SKF,WT,4,0.092
117,3,F,SKF,WT,4,0.774
118,3,F,SKF,WT,4,0.939
119,3,F,SKF,WT,4,0.099
120,3,F,SKF,WT,4,0.04
121,3,F,SKF,WT,4,0.986
122,3,F,SKF,WT,4,0.994
123,3,F,SKF,WT,4,0.441
124,3,F,SKF,WT,4,0.478
125,3,F,SKF,WT,4,0.121
126,3,F,SKF,WT,4,0.349
127,1,F,Saline,KI,4,0.488
128,1,F,Saline,KI,4,0.15
129,1,F,Saline,KI,4,0.22
130,1,F,Saline,KI,4,0.687
131,1,F,Saline,KI,4,0.043
132,1,F,Saline,KI,4,0.196
133,1,F,Saline,KI,4,0.333
134,1,F,Saline,KI,4,0.195
135,1,F,Saline,KI,4,0.313
136,1,F,Saline,KI,4,0.152
137,1,F,Saline,KI,4,0.287
127,2,F,Saline,KI,4,0.358
128,2,F,Saline,KI,4,0.659
129,2,F,Saline,KI,4,0.056
130,2,F,Saline,KI,4,0.532
131,2,F,Saline,KI,4,0.748
132,2,F,Saline,KI,4,0.668
133,2,F,Saline,KI,4,0.562
134,2,F,Saline,KI,4,0.448
135,2,F,Saline,KI,4,0.971
136,2,F,Saline,KI,4,0.222
137,2,F,Saline,KI,4,0.602
127,3,F,Saline,KI,4,0.169
128,3,F,Saline,KI,4,0.666
129,3,F,Saline,KI,4,0.13
130,3,F,Saline,KI,4,0.158
131,3,F,Saline,KI,4,0.133
132,3,F,Saline,KI,4,0.214
133,3,F,Saline,KI,4,0.2
134,3,F,Saline,KI,4,0.091
135,3,F,Saline,KI,4,0.13
136,3,F,Saline,KI,4,0.046
137,3,F,Saline,KI,4,0.268
127,1,F,SKF,KI,4,0.104
128,1,F,SKF,KI,4,0.527
129,1,F,SKF,KI,4,0.982
130,1,F,SKF,KI,4,0.159
131,1,F,SKF,KI,4,0.979
132,1,F,SKF,KI,4,0.041
133,1,F,SKF,KI,4,0.726
134,1,F,SKF,KI,4,0.09
135,1,F,SKF,KI,4,0.981
136,1,F,SKF,KI,4,0.075
137,1,F,SKF,KI,4,0.089
127,2,F,SKF,KI,4,0.088
128,2,F,SKF,KI,4,0.448
129,2,F,SKF,KI,4,0.254
130,2,F,SKF,KI,4,0.957
131,2,F,SKF,KI,4,0.141
132,2,F,SKF,KI,4,0.56
133,2,F,SKF,KI,4,0.9
134,2,F,SKF,KI,4,0.211
135,2,F,SKF,KI,4,0.088
136,2,F,SKF,KI,4,0.059
137,2,F,SKF,KI,4,0.067
127,3,F,SKF,KI,4,0.327
128,3,F,SKF,KI,4,0.143
129,3,F,SKF,KI,4,0.185
130,3,F,SKF,KI,4,0.581
131,3,F,SKF,KI,4,0.101
132,3,F,SKF,KI,4,0.577
133,3,F,SKF,KI,4,0.329
134,3,F,SKF,KI,4,0.051
135,3,F,SKF,KI,4,0.137
136,3,F,SKF,KI,4,0.054
137,3,F,SKF,KI,4,0.087
1,1,M,Saline,WT,1,0.027
1,1,M,Saline,WT,2,0.068
1,1,M,Saline,WT,3,0.168
1,1,M,Saline,WT,4,0.146
1,2,M,Saline,WT,1,0.049
1,2,M,Saline,WT,2,0.051
1,2,M,Saline,WT,3,0.325
1,2,M,Saline,WT,4,0.777
1,1,M,SKF,WT,1,0.045
1,1,M,SKF,WT,2,0.682
1,1,M,SKF,WT,3,0.095
1,1,M,SKF,WT,4,0.672
1,2,M,SKF,WT,1,0.378
1,2,M,SKF,WT,2,0.304
1,2,M,SKF,WT,3,0.489
1,2,M,SKF,WT,4,0.606
2,1,M,Saline,WT,1,0.57
2,1,M,Saline,WT,2,0.454
2,1,M,Saline,WT,3,0.362
2,1,M,Saline,WT,4,0.339
2,2,M,Saline,WT,1,0.13
2,2,M,Saline,WT,2,0.2
2,2,M,Saline,WT,3,0.084
2,2,M,Saline,WT,4,0.05
2,1,M,SKF,WT,1,0.083
2,1,M,SKF,WT,2,0.076
2,1,M,SKF,WT,3,0.294
2,1,M,SKF,WT,4,0.137
2,2,M,SKF,WT,1,0.305
2,2,M,SKF,WT,2,0.038
2,2,M,SKF,WT,3,0.178
2,2,M,SKF,WT,4,0.284
3,1,M,Saline,WT,1,0.058
3,1,M,Saline,WT,2,0.06
3,1,M,Saline,WT,3,0.097
3,1,M,Saline,WT,4,0.092
3,2,M,Saline,WT,1,0.683
3,2,M,Saline,WT,2,0.292
3,2,M,Saline,WT,3,0.155
3,2,M,Saline,WT,4,0.109
3,1,M,SKF,WT,1,0.304
3,1,M,SKF,WT,2,0.13
3,1,M,SKF,WT,3,0.31
3,1,M,SKF,WT,4,0.048
3,2,M,SKF,WT,1,0.08
3,2,M,SKF,WT,2,0.088
3,2,M,SKF,WT,3,0.307
3,2,M,SKF,WT,4,0.35
4,1,M,Saline,WT,1,0.029
4,1,M,Saline,WT,2,0.103
4,1,M,Saline,WT,3,0.623
4,1,M,Saline,WT,4,0.983
4,2,M,Saline,WT,1,0.069
4,2,M,Saline,WT,2,0.156
4,2,M,Saline,WT,3,0.199
4,2,M,Saline,WT,4,0.325
4,1,M,SKF,WT,1,0.096
4,1,M,SKF,WT,2,0.135
4,1,M,SKF,WT,3,0.12
4,1,M,SKF,WT,4,0.258
4,2,M,SKF,WT,1,0.172
4,2,M,SKF,WT,2,0.12
4,2,M,SKF,WT,3,0.094
4,2,M,SKF,WT,4,0.999
5,1,M,Saline,WT,1,0.14
5,1,M,Saline,WT,2,0.485
5,1,M,Saline,WT,3,0.874
5,1,M,Saline,WT,4,0.905
5,2,M,Saline,WT,1,0.126
5,2,M,Saline,WT,2,0.035
5,2,M,Saline,WT,3,0.512
5,2,M,Saline,WT,4,0.521
5,1,M,SKF,WT,1,0.188
5,1,M,SKF,WT,2,0.042
5,1,M,SKF,WT,3,0.065
5,1,M,SKF,WT,4,0.202
5,2,M,SKF,WT,1,0.083
5,2,M,SKF,WT,2,0.933
5,2,M,SKF,WT,3,0.455
5,2,M,SKF,WT,4,0.39
6,1,M,Saline,KI,1,0.441
6,1,M,Saline,KI,2,0.214
6,1,M,Saline,KI,3,0.215
6,1,M,Saline,KI,4,0.312
6,2,M,Saline,KI,1,0.149
6,2,M,Saline,KI,2,0.062
6,2,M,Saline,KI,3,0.083
6,2,M,Saline,KI,4,0.724
6,1,M,SKF,KI,1,0.099
6,1,M,SKF,KI,2,0.32
6,1,M,SKF,KI,3,0.309
6,1,M,SKF,KI,4,0.686
6,2,M,SKF,KI,1,0.186
6,2,M,SKF,KI,2,0.588
6,2,M,SKF,KI,3,0.537
6,2,M,SKF,KI,4,0.559
7,1,M,Saline,KI,1,0.004
7,1,M,Saline,KI,2,0.022
7,1,M,Saline,KI,3,0.136
7,1,M,Saline,KI,4,0.274
7,2,M,Saline,KI,1,0.155
7,2,M,Saline,KI,2,0.184
7,2,M,Saline,KI,3,0.051
7,2,M,Saline,KI,4,0.049
7,1,M,SKF,KI,1,0.18
7,1,M,SKF,KI,2,0.294
7,1,M,SKF,KI,3,0.113
7,1,M,SKF,KI,4,0.157
7,2,M,SKF,KI,1,0.034
7,2,M,SKF,KI,2,0.026
7,2,M,SKF,KI,3,0.161
7,2,M,SKF,KI,4,0.118
8,1,M,Saline,KI,1,0.128
8,1,M,Saline,KI,2,0.05
8,1,M,Saline,KI,3,0.183
8,1,M,Saline,KI,4,0.035
8,2,M,Saline,KI,1,0.041
8,2,M,Saline,KI,2,0.055
8,2,M,Saline,KI,3,0.066
8,2,M,Saline,KI,4,0.023
8,1,M,SKF,KI,1,0.212
8,1,M,SKF,KI,2,0.21
8,1,M,SKF,KI,3,0.266
8,1,M,SKF,KI,4,0.705
8,2,M,SKF,KI,1,0.073
8,2,M,SKF,KI,2,0.07
8,2,M,SKF,KI,3,0.063
8,2,M,SKF,KI,4,0.07
9,1,M,Saline,KI,1,0.139
9,1,M,Saline,KI,2,0.043
9,1,M,Saline,KI,3,0.444
9,1,M,Saline,KI,4,0.326
9,2,M,Saline,KI,1,0.091
9,2,M,Saline,KI,2,0.081
9,2,M,Saline,KI,3,0.074
9,2,M,Saline,KI,4,0.196
9,1,M,SKF,KI,1,0.136
9,1,M,SKF,KI,2,0.088
9,1,M,SKF,KI,3,0.089
9,1,M,SKF,KI,4,0.069
9,2,M,SKF,KI,1,0.113
9,2,M,SKF,KI,2,0.323
9,2,M,SKF,KI,3,0.365
9,2,M,SKF,KI,4,0.647
10,1,M,Saline,KI,1,0.253
10,1,M,Saline,KI,2,0.085
10,1,M,Saline,KI,3,0.073
10,1,M,Saline,KI,4,0.043
10,2,M,Saline,KI,1,0.112
10,2,M,Saline,KI,2,0.078
10,2,M,Saline,KI,3,0.139
10,2,M,Saline,KI,4,0.105
10,1,M,SKF,KI,1,0.016
10,1,M,SKF,KI,2,0.818
10,1,M,SKF,KI,3,0.427
10,1,M,SKF,KI,4,0.174
10,2,M,SKF,KI,1,0.018
10,2,M,SKF,KI,2,0.087
10,2,M,SKF,KI,3,0.086
10,2,M,SKF,KI,4,0.278
11,1,F,Saline,WT,1,0.059
11,1,F,Saline,WT,2,0.085
11,1,F,Saline,WT,3,0.424
11,1,F,Saline,WT,4,0.961
11,2,F,Saline,WT,1,0.646
11,2,F,Saline,WT,2,0.26
11,2,F,Saline,WT,3,0.928
11,2,F,Saline,WT,4,0.362
11,1,F,SKF,WT,1,0.413
11,1,F,SKF,WT,2,0.006
11,1,F,SKF,WT,3,0.391
11,1,F,SKF,WT,4,0.26
11,2,F,SKF,WT,1,0.178
11,2,F,SKF,WT,2,0.358
11,2,F,SKF,WT,3,0.184
11,2,F,SKF,WT,4,0.993
12,1,F,Saline,WT,1,0.022
12,1,F,Saline,WT,2,0.037
12,1,F,Saline,WT,3,0.24
12,1,F,Saline,WT,4,0.259
12,2,F,Saline,WT,1,0.019
12,2,F,Saline,WT,2,0.085
12,2,F,Saline,WT,3,0.309
12,2,F,Saline,WT,4,0.805
12,1,F,SKF,WT,1,0.055
12,1,F,SKF,WT,2,0.152
12,1,F,SKF,WT,3,0.281
12,1,F,SKF,WT,4,0.513
12,2,F,SKF,WT,1,0.073
12,2,F,SKF,WT,2,0.737
12,2,F,SKF,WT,3,0.537
12,2,F,SKF,WT,4,0.268
13,1,F,Saline,WT,1,0.236
13,1,F,Saline,WT,2,0.065
13,1,F,Saline,WT,3,0.26
13,1,F,Saline,WT,4,0.185
13,2,F,Saline,WT,1,0.026
13,2,F,Saline,WT,2,0.142
13,2,F,Saline,WT,3,0.33
13,2,F,Saline,WT,4,0.104
13,1,F,SKF,WT,1,0.597
13,1,F,SKF,WT,2,0.261
13,1,F,SKF,WT,3,0.124
13,1,F,SKF,WT,4,0.307
13,2,F,SKF,WT,1,0.124
13,2,F,SKF,WT,2,0.109
13,2,F,SKF,WT,3,0.894
13,2,F,SKF,WT,4,0.263
14,1,F,Saline,WT,1,0.274
14,1,F,Saline,WT,2,0.401
14,1,F,Saline,WT,3,0.492
14,1,F,Saline,WT,4,0.354
14,2,F,Saline,WT,1,0.028
14,2,F,Saline,WT,2,0.134
14,2,F,Saline,WT,3,0.367
14,2,F,Saline,WT,4,0.243
14,1,F,SKF,WT,1,0.085
14,1,F,SKF,WT,2,0.041
14,1,F,SKF,WT,3,0.858
14,1,F,SKF,WT,4,0.04
14,2,F,SKF,WT,1,0.904
14,2,F,SKF,WT,2,0.309
14,2,F,SKF,WT,3,0.074
14,2,F,SKF,WT,4,0.992
15,1,F,Saline,WT,1,0.674
15,1,F,Saline,WT,2,0.173
15,1,F,Saline,WT,3,0.396
15,1,F,Saline,WT,4,0.234
15,2,F,Saline,WT,1,0.038
15,2,F,Saline,WT,2,0.716
15,2,F,Saline,WT,3,0.271
15,2,F,Saline,WT,4,0.437
15,1,F,SKF,WT,1,0.01
15,1,F,SKF,WT,2,0.105
15,1,F,SKF,WT,3,0.129
15,1,F,SKF,WT,4,0.131
15,2,F,SKF,WT,1,0.079
15,2,F,SKF,WT,2,0.097
15,2,F,SKF,WT,3,0.415
15,2,F,SKF,WT,4,0.657
16,1,F,Saline,WT,1,0.098
16,1,F,Saline,WT,2,0.081
16,1,F,Saline,WT,3,0.225
16,1,F,Saline,WT,4,0.308
16,2,F,Saline,WT,1,0.107
16,2,F,Saline,WT,2,0.125
16,2,F,Saline,WT,3,0.518
16,2,F,Saline,WT,4,0.445
16,1,F,SKF,WT,1,0.213
16,1,F,SKF,WT,2,0.667
16,1,F,SKF,WT,3,0.782
16,1,F,SKF,WT,4,0.848
16,2,F,SKF,WT,1,0.469
16,2,F,SKF,WT,2,0.124
16,2,F,SKF,WT,3,0.428
16,2,F,SKF,WT,4,0.779
17,1,F,Saline,WT,1,0.073
17,1,F,Saline,WT,2,0.073
17,1,F,Saline,WT,3,0.334
17,1,F,Saline,WT,4,0.449
17,2,F,Saline,WT,1,0.247
17,2,F,Saline,WT,2,0.04
17,2,F,Saline,WT,3,0.052
17,2,F,Saline,WT,4,0.107
17,1,F,SKF,WT,1,0.073
17,1,F,SKF,WT,2,0.182
17,1,F,SKF,WT,3,0.495
17,1,F,SKF,WT,4,0.683
17,2,F,SKF,WT,1,0.104
17,2,F,SKF,WT,2,0.087
17,2,F,SKF,WT,3,0.155
17,2,F,SKF,WT,4,0.945
18,1,F,Saline,KI,1,0.1
18,1,F,Saline,KI,2,0.238
18,1,F,Saline,KI,3,0.318
18,1,F,Saline,KI,4,0.124
18,2,F,Saline,KI,1,0.11
18,2,F,Saline,KI,2,0.015
18,2,F,Saline,KI,3,0.065
18,2,F,Saline,KI,4,0.124
18,1,F,SKF,KI,1,0.089
18,1,F,SKF,KI,2,0.078
18,1,F,SKF,KI,3,0.073
18,1,F,SKF,KI,4,0.118
18,2,F,SKF,KI,1,0.069
18,2,F,SKF,KI,2,0.122
18,2,F,SKF,KI,3,0.224
18,2,F,SKF,KI,4,0.188
19,1,F,Saline,KI,1,0.066
19,1,F,Saline,KI,2,0.549
19,1,F,Saline,KI,3,0.292
19,1,F,Saline,KI,4,0.291
19,2,F,Saline,KI,1,0.652
19,2,F,Saline,KI,2,0.379
19,2,F,Saline,KI,3,0.147
19,2,F,Saline,KI,4,0.206
19,1,F,SKF,KI,1,0.537
19,1,F,SKF,KI,2,0.303
19,1,F,SKF,KI,3,0.157
19,1,F,SKF,KI,4,0.766
19,2,F,SKF,KI,1,0.115
19,2,F,SKF,KI,2,0.514
19,2,F,SKF,KI,3,0.078
19,2,F,SKF,KI,4,0.618
20,1,F,Saline,KI,1,0.213
20,1,F,Saline,KI,2,0.241
20,1,F,Saline,KI,3,0.218
20,1,F,Saline,KI,4,0.415
20,2,F,Saline,KI,1,0.016
20,2,F,Saline,KI,2,0.071
20,2,F,Saline,KI,3,0.054
20,2,F,Saline,KI,4,0.127
20,1,F,SKF,KI,1,0.075
20,1,F,SKF,KI,2,0.13
20,1,F,SKF,KI,3,0.795
20,1,F,SKF,KI,4,0.928
20,2,F,SKF,KI,1,0.116
20,2,F,SKF,KI,2,0.078
20,2,F,SKF,KI,3,0.03
20,2,F,SKF,KI,4,0.177
21,1,F,Saline,KI,1,0.739
21,1,F,Saline,KI,2,0.067
21,1,F,Saline,KI,3,0.544
21,1,F,Saline,KI,4,0.875
21,2,F,Saline,KI,1,0.039
21,2,F,Saline,KI,2,0.405
21,2,F,Saline,KI,3,0.107
21,2,F,Saline,KI,4,0.12
21,1,F,SKF,KI,1,0.094
21,1,F,SKF,KI,2,0.152
21,1,F,SKF,KI,3,0.018
21,1,F,SKF,KI,4,0.064
21,2,F,SKF,KI,1,0.022
21,2,F,SKF,KI,2,0.168
21,2,F,SKF,KI,3,0.162
21,2,F,SKF,KI,4,0.097
22,1,F,Saline,KI,1,0.126
22,1,F,Saline,KI,2,0.113
22,1,F,Saline,KI,3,0.124
22,1,F,Saline,KI,4,0.324
22,2,F,Saline,KI,1,0.087
22,2,F,Saline,KI,2,0.138
22,2,F,Saline,KI,3,0.315
22,2,F,Saline,KI,4,0.217
22,1,F,SKF,KI,1,0.079
22,1,F,SKF,KI,2,0.17
22,1,F,SKF,KI,3,0.054
22,1,F,SKF,KI,4,0.553
22,2,F,SKF,KI,1,0.054
22,2,F,SKF,KI,2,0.069
22,2,F,SKF,KI,3,0.13
22,2,F,SKF,KI,4,0.238
23,1,F,Saline,KI,1,0.164
23,1,F,Saline,KI,2,0.511
23,1,F,Saline,KI,3,0.268
23,1,F,Saline,KI,4,0.851
23,2,F,Saline,KI,1,0.038
23,2,F,Saline,KI,2,0.064
23,2,F,Saline,KI,3,0.097
23,2,F,Saline,KI,4,0.176
23,1,F,SKF,KI,1,0.027
23,1,F,SKF,KI,2,0.041
23,1,F,SKF,KI,3,0.079
23,1,F,SKF,KI,4,0.099
23,2,F,SKF,KI,1,0.14
23,2,F,SKF,KI,2,0.012
23,2,F,SKF,KI,3,0.056
23,2,F,SKF,KI,4,0.04
24,1,F,Saline,KI,1,0.168
24,1,F,Saline,KI,2,0.19
24,1,F,Saline,KI,3,0.217
24,1,F,Saline,KI,4,0.123
24,2,F,Saline,KI,1,0.139
24,2,F,Saline,KI,2,0.185
24,2,F,Saline,KI,3,0.061
24,2,F,Saline,KI,4,0.947
24,1,F,SKF,KI,1,0.113
24,1,F,SKF,KI,2,0.788
24,1,F,SKF,KI,3,0.731
24,1,F,SKF,KI,4,0.648
24,2,F,SKF,KI,1,0.101
24,2,F,SKF,KI,2,0.731
24,2,F,SKF,KI,3,0.386
24,2,F,SKF,KI,4,0.109